AA,AXP,BA
0.044451763,0.011806513,0.009448889
0.00619197,0.027779564,0.007806441
-0.01242252,-0.006872879,0.018490511
0,-0.006920443,0.009118604
